date,site,replicate,concentration
9/28/2017,s1,a,0.022
9/28/2017,s1,b,0.02
9/28/2017,s1,c,0.022
9/28/2017,s2,a,0.043
9/28/2017,s2,b,0.043
9/28/2017,s2,c,0.046
9/28/2017,s3,a,0.046
9/28/2017,s3,b,0.043
9/28/2017,s3,c,0.046
9/28/2017,s4,a,0.05
9/28/2017,s4,b,0.05
9/28/2017,s4,c,0.05
9/28/2017,s5,a,0.11
9/28/2017,s5,b,0.116
9/28/2017,s5,c,0.11
9/28/2017,s6,a,0.11
9/28/2017,s6,b,0.094
9/28/2017,s6,c,0.097
9/28/2017,s7,a,0.046
9/28/2017,s7,b,0.087
9/28/2017,s7,c,0.039
9/28/2017,s8,a,0.002
9/28/2017,s8,b,0.001
9/28/2017,s8,c,0.002
9/28/2017,s9,a,0.04
9/28/2017,s9,b,0.04
9/28/2017,s9,c,0.04
9/28/2017,s10,a,0.029
9/28/2017,s10,b,0.032
9/28/2017,s10,c,0.029
9/28/2017,s11,a,0.032
9/28/2017,s11,b,0.032
9/28/2017,s11,c,0.032
9/28/2017,s12,a,0.043
9/28/2017,s12,b,0.043
9/28/2017,s12,c,0.043
8/15/2017,s1,a,0.037
8/15/2017,s1,b,0.037
8/15/2017,s1,c,0.037
8/15/2017,s2,a,0.046
8/15/2017,s2,b,0.043
8/15/2017,s2,c,0.046
8/15/2017,s3,a,0.046
8/15/2017,s3,b,0.046
8/15/2017,s3,c,0.046
8/15/2017,s4,a,0.04
8/15/2017,s4,b,0.04
8/15/2017,s4,c,0.04
8/15/2017,s5,a,0.083
8/15/2017,s5,b,0.089
8/15/2017,s5,c,0.106
8/15/2017,s6,a,0.219
8/15/2017,s6,b,0.255
8/15/2017,s6,c,0.246
8/15/2017,s8,a,0.002
8/15/2017,s8,b,0.002
8/15/2017,s8,c,0.002
8/15/2017,s9,a,0.034
8/15/2017,s9,b,0.032
8/15/2017,s9,c,0.037
8/15/2017,s10,a,0.024
8/15/2017,s10,b,0.026
8/15/2017,s10,c,0.02
8/15/2017,s11,a,0.04
8/15/2017,s11,b,0.04
8/15/2017,s11,c,0.04
8/15/2017,s12,a,0.026
8/15/2017,s12,b,0.022
8/15/2017,s12,c,0.024
8/15/2017,s13,a,0.046
8/15/2017,s13,b,0.046
8/15/2017,s13,c,0.046
8/29/2017,s1,a,0.034
8/29/2017,s1,b,0.032
8/29/2017,s1,c,0.04
8/29/2017,s2,a,0.034
8/29/2017,s2,b,0.032
8/29/2017,s2,c,0.04
8/29/2017,s3,a,0.043
8/29/2017,s3,b,0.04
8/29/2017,s3,c,0.043
8/29/2017,s4,a,0.034
8/29/2017,s4,b,0.037
8/29/2017,s4,c,0.04
8/29/2017,s5,a,0.109
8/29/2017,s5,b,0.123
8/29/2017,s5,c,0.117
8/29/2017,s6,a,0.26
8/29/2017,s6,b,0.268
8/29/2017,s6,c,0.251
8/29/2017,s7,a,0.185
8/29/2017,s7,b,0.103
8/29/2017,s7,c,0.14
8/29/2017,s8,a,0.163
8/29/2017,s8,b,0.143
8/29/2017,s8,c,0.124
8/29/2017,s9,a,0.034
8/29/2017,s9,b,0.034
8/29/2017,s9,c,0.037
8/29/2017,s10,a,0.018
8/29/2017,s10,b,0.02
8/29/2017,s10,c,0.018
8/29/2017,s11,a,0.037
8/29/2017,s11,b,0.004
8/29/2017,s11,c,0.037
8/29/2017,s12,a,0.032
8/29/2017,s12,b,0.032
8/29/2017,s12,c,0.034
8/29/2017,s13,a,0.043
8/29/2017,s13,b,0.04
8/29/2017,s13,c,0.04
9/15/2017,s1,a,0.006
9/15/2017,s1,b,0.004
9/15/2017,s1,c,0.002
9/15/2017,s2,a,0.014
9/15/2017,s2,b,0.016
9/15/2017,s2,c,0.012
9/15/2017,s3,a,0.04
9/15/2017,s3,b,0.04
9/15/2017,s3,c,0.04
9/15/2017,s4,a,0.037
9/15/2017,s4,b,0.04
9/15/2017,s4,c,0.037
9/15/2017,s5,a,0.149
9/15/2017,s5,b,0.159
9/15/2017,s5,c,0.14
9/15/2017,s6,a,0.227
9/15/2017,s6,b,0.263
9/15/2017,s6,c,0.204
9/15/2017,s7,a,0.223
9/15/2017,s7,b,0.236
9/15/2017,s7,c,0.222
9/15/2017,s8,a,0.204
9/15/2017,s8,b,0.2
9/15/2017,s8,c,0.187
9/15/2017,s9,a,0.094
9/15/2017,s9,b,0.084
9/15/2017,s9,c,0.096
9/15/2017,s10,a,0.001
9/15/2017,s10,b,0.002
9/15/2017,s10,c,0.002
9/15/2017,s11,a,0.011
9/15/2017,s11,b,0.012
9/15/2017,s11,c,0.014
9/15/2017,s12,a,0.016
9/15/2017,s12,b,0.016
9/15/2017,s12,c,0.012
9/15/2017,s13,a,0.029
9/15/2017,s13,b,0.029
9/15/2017,s13,c,0.032
10/26/2017,s1,a,-0.004
10/26/2017,s1,b,-0.004
10/26/2017,s1,c,-0.003
10/26/2017,s2,a,-0.004
10/26/2017,s2,b,-0.004
10/26/2017,s2,c,-0.004
10/26/2017,s3,a,0.036
10/26/2017,s3,b,0.028
10/26/2017,s3,c,0.024
10/26/2017,s4,a,-0.003
10/26/2017,s4,b,0
10/26/2017,s4,c,-0.002
10/26/2017,s5,a,0.026
10/26/2017,s5,b,0.031
10/26/2017,s5,c,0.025
10/26/2017,s6,a,0.031
10/26/2017,s6,b,0.027
10/26/2017,s6,c,0.024
10/26/2017,s7,a,0.001
10/26/2017,s7,b,0.001
10/26/2017,s7,c,0.003
10/26/2017,s8,a,-0.004
10/26/2017,s8,b,-0.003
10/26/2017,s8,c,-0.004
10/26/2017,s9,a,-0.003
10/26/2017,s9,b,-0.003
10/26/2017,s9,c,-0.004
10/26/2017,s10,a,0
10/26/2017,s10,b,0.001
10/26/2017,s10,c,0.001
10/26/2017,s11,a,-0.003
10/26/2017,s11,b,-0.003
10/26/2017,s11,c,-0.004
10/26/2017,s12,a,0.001
10/26/2017,s12,b,0.001
10/26/2017,s12,c,0.003
11/16/2018,s1,a,0.016
11/16/2018,s1,b,0.017
11/16/2018,s1,c,0.017
11/16/2018,s2,a,0.001
11/16/2018,s2,b,0.003
11/16/2018,s2,c,0.001
11/16/2018,s3,a,0.072
11/16/2018,s3,b,0.086
11/16/2018,s3,c,0.1
11/16/2018,s4,a,0.055
11/16/2018,s4,b,0.043
11/16/2018,s4,c,0.045
11/16/2018,s5,a,0.06
11/16/2018,s5,b,0.057
11/16/2018,s5,c,0.056
11/16/2018,s6,a,0.104
11/16/2018,s6,b,0.114
11/16/2018,s6,c,0.104
11/16/2018,s7,a,0.112
11/16/2018,s7,b,0.11
11/16/2018,s7,c,0.085
11/16/2018,s8,a,0.093
11/16/2018,s8,b,0.072
11/16/2018,s8,c,0.084
11/16/2018,s9,a,0.001
11/16/2018,s9,b,0
11/16/2018,s9,c,0
11/16/2018,s10,a,0.005
11/16/2018,s10,b,0.015
11/16/2018,s10,c,0.005
11/16/2018,s11,a,0
11/16/2018,s11,b,0
11/16/2018,s11,c,-0.002
11/16/2018,s12,a,0.008
11/16/2018,s12,b,0.005
11/16/2018,s12,c,0.004
11/16/2018,s13,a,-0.002
11/16/2018,s13,b,-0.002
11/16/2018,s13,c,-0.002
12/15/2017,s1,a,0.045
12/15/2017,s1,b,0.049
12/15/2017,s1,c,0.039
12/15/2017,s2,a,0.013
12/15/2017,s2,b,0.011
12/15/2017,s2,c,0.012
12/15/2017,s3,a,0.117
12/15/2017,s3,b,0.138
12/15/2017,s3,c,0.151
12/15/2017,s4,a,0.196
12/15/2017,s4,b,0.129
12/15/2017,s4,c,0.205
12/15/2017,s5,a,0.239
12/15/2017,s5,b,0.189
12/15/2017,s5,c,0.158
12/15/2017,s6,a,0.264
12/15/2017,s6,b,0.226
12/15/2017,s6,c,0.194
12/15/2017,s7,a,0.249
12/15/2017,s7,b,0.243
12/15/2017,s7,c,0.24
12/15/2017,s8,a,0.332
12/15/2017,s8,b,0.282
12/15/2017,s8,c,0.264
12/15/2017,s9,a,0.135
12/15/2017,s9,b,0.138
12/15/2017,s9,c,0.145
12/15/2017,s10,a,0.088
12/15/2017,s10,b,0.068
12/15/2017,s10,c,0.089
12/15/2017,s11,a,0.046
12/15/2017,s11,b,0.041
12/15/2017,s11,c,0.059
12/15/2017,s12,a,0.045
12/15/2017,s12,b,0.045
12/15/2017,s12,c,0.05
12/15/2017,s13,a,0.02
12/15/2017,s13,b,0.021
12/15/2017,s13,c,0.022
1/25/2018,s1,a,0.043
1/25/2018,s1,b,0.032
1/25/2018,s1,c,0.039
1/25/2018,s2,a,0.008
1/25/2018,s2,b,0.012
1/25/2018,s2,c,0.013
1/25/2018,s3,a,0.116
1/25/2018,s3,b,0.121
1/25/2018,s3,c,0.126
1/25/2018,s4,a,0.122
1/25/2018,s4,b,0.101
1/25/2018,s4,c,0.101
1/25/2018,s5,a,0.142
1/25/2018,s5,b,0.122
1/25/2018,s5,c,0.166
1/25/2018,s6,a,0.203
1/25/2018,s6,b,0.257
1/25/2018,s6,c,0.201
1/25/2018,s7,a,0.228
1/25/2018,s7,b,0.25
1/25/2018,s7,c,0.225
1/25/2018,s8,a,0.237
1/25/2018,s8,b,0.201
1/25/2018,s8,c,0.213
1/25/2018,s9,a,0.164
1/25/2018,s9,b,0.156
1/25/2018,s9,c,0.164
1/25/2018,s10,a,0.126
1/25/2018,s10,b,0.127
1/25/2018,s10,c,0.153
1/25/2018,s11,a,0.11
1/25/2018,s11,b,0.114
1/25/2018,s11,c,0.132
1/25/2018,s12,a,0.081
1/25/2018,s12,b,0.086
1/25/2018,s12,c,0.078
1/25/2018,s13,a,0.037
1/25/2018,s13,b,0.032
1/25/2018,s13,c,0.033
2/23/2018,s1,a,0.088
2/23/2018,s1,b,0.089
2/23/2018,s1,c,0.096
2/23/2018,s2,a,0.068
2/23/2018,s2,b,0.075
2/23/2018,s2,c,0.067
2/23/2018,s3,a,0.235
2/23/2018,s3,b,0.19
2/23/2018,s3,c,0.17
2/23/2018,s4,a,0.241
2/23/2018,s4,b,0.229
2/23/2018,s4,c,0.254
2/23/2018,s5,a,0.138
2/23/2018,s5,b,0.271
2/23/2018,s5,c,0.23
2/23/2018,s6,a,0.302
2/23/2018,s6,b,0.365
2/23/2018,s6,c,0.385
2/23/2018,s7,a,0.326
2/23/2018,s7,b,0.399
2/23/2018,s7,c,0.35
2/23/2018,s8,a,0.341
2/23/2018,s8,b,0.331
2/23/2018,s8,c,0.365
2/23/2018,s9,a,0.215
2/23/2018,s9,b,0.183
2/23/2018,s9,c,0.169
2/23/2018,s10,a,0.156
2/23/2018,s10,b,0.17
2/23/2018,s10,c,0.199
2/23/2018,s11,a,0.159
2/23/2018,s11,b,0.163
2/23/2018,s11,c,0.159
2/23/2018,s12,a,0.137
2/23/2018,s12,b,0.142
2/23/2018,s12,c,0.151
2/23/2018,s13,a,0.068
2/23/2018,s13,b,0.075
2/23/2018,s13,c,0.067
3/23/2018,s1,a,0.136
3/23/2018,s1,b,0.165
3/23/2018,s1,c,0.133
3/23/2018,s2,a,0.093
3/23/2018,s2,b,0.101
3/23/2018,s2,c,0.107
3/23/2018,s3,a,0.173
3/23/2018,s3,b,0.152
3/23/2018,s3,c,0.175
3/23/2018,s4,a,0.179
3/23/2018,s4,b,0.16
3/23/2018,s4,c,0.186
3/23/2018,s5,a,0.185
3/23/2018,s5,b,0.166
3/23/2018,s5,c,0.181
3/23/2018,s6,a,0.189
3/23/2018,s6,b,0.198
3/23/2018,s6,c,0.227
3/23/2018,s7,a,0.192
3/23/2018,s7,b,0.144
3/23/2018,s7,c,0.188
3/23/2018,s8,a,0.23
3/23/2018,s8,b,0.175
3/23/2018,s8,c,0.246
3/23/2018,s9,a,0.193
3/23/2018,s9,b,0.182
3/23/2018,s9,c,0.185
3/23/2018,s10,a,0.142
3/23/2018,s10,b,0.142
3/23/2018,s10,c,0.133
3/23/2018,s11,a,0.06
3/23/2018,s11,b,0.051
3/23/2018,s11,c,0.049
3/23/2018,s12,a,0.049
3/23/2018,s12,b,0.047
3/23/2018,s12,c,0.042
3/23/2018,s13,a,0.012
3/23/2018,s13,b,0.012
3/23/2018,s13,c,0.012
4/21/2018,s1,a,0.137
4/21/2018,s1,b,0.146
4/21/2018,s1,c,0.16
4/21/2018,s2,a,0.174
4/21/2018,s2,b,0.128
4/21/2018,s2,c,0.151
4/21/2018,s3,a,0.176
4/21/2018,s3,b,0.179
4/21/2018,s3,c,0.166
4/21/2018,s4,a,0.161
4/21/2018,s4,b,0.155
4/21/2018,s4,c,0.136
4/21/2018,s5,a,0.167
4/21/2018,s5,b,0.167
4/21/2018,s5,c,0.152
4/21/2018,s6,a,0.156
4/21/2018,s6,b,0.133
4/21/2018,s6,c,0.153
4/21/2018,s7,a,0.123
4/21/2018,s7,b,0.102
4/21/2018,s7,c,0.096
4/21/2018,s8,a,0.075
4/21/2018,s8,b,0.086
4/21/2018,s8,c,0.084
4/21/2018,s9,a,0.088
4/21/2018,s9,b,0.099
4/21/2018,s9,c,0.084
4/21/2018,s10,a,0.06
4/21/2018,s10,b,0.08
4/21/2018,s10,c,0.081
4/21/2018,s11,a,0.071
4/21/2018,s11,b,0.069
4/21/2018,s11,c,0.06
4/21/2018,s12,a,0.077
4/21/2018,s12,b,0.065
4/21/2018,s12,c,0.072
4/21/2018,s13,a,0.082
4/21/2018,s13,b,0.073
4/21/2018,s13,c,0.091
5/16/2018,s1,a,0.046
5/16/2018,s1,b,0.051
5/16/2018,s1,c,0.041
5/16/2018,s2,a,0.032
5/16/2018,s2,b,0.031
5/16/2018,s2,c,0.035
5/16/2018,s3,a,0.07
5/16/2018,s3,b,0.059
5/16/2018,s3,c,0.06
5/16/2018,s4,a,0.058
5/16/2018,s4,b,0.068
5/16/2018,s4,c,0.06
5/16/2018,s5,a,0.059
5/16/2018,s5,b,0.063
5/16/2018,s5,c,0.064
5/16/2018,s6,a,0.062
5/16/2018,s6,b,0.073
5/16/2018,s6,c,0.078
5/16/2018,s7,a,0.086
5/16/2018,s7,b,0.086
5/16/2018,s7,c,0.083
5/16/2018,s8,a,0.086
5/16/2018,s8,b,0.086
5/16/2018,s8,c,0.086
5/16/2018,s9,a,0.032
5/16/2018,s9,b,0.0268
5/16/2018,s9,c,0.0338
5/16/2018,s10,a,0.0294
5/16/2018,s10,b,0.0364
5/16/2018,s10,c,0.0259
5/16/2018,s11,a,0.039
5/16/2018,s11,b,0.039
5/16/2018,s11,c,0.0372
5/16/2018,s12,a,0.025
5/16/2018,s12,b,0.0259
5/16/2018,s12,c,0.025
5/16/2018,s13,a,0.0259
5/16/2018,s13,b,0.0172
5/16/2018,s13,c,0.0189
6/6/2018,s1,a,0.0172
6/6/2018,s1,b,0.0137
6/6/2018,s1,c,0.0137
6/6/2018,s2,a,0.0102
6/6/2018,s2,b,0.0137
6/6/2018,s2,c,0.0146
6/6/2018,s3,a,0.0277
6/6/2018,s3,b,0.0189
6/6/2018,s3,c,0.0216
6/6/2018,s4,a,0.0207
6/6/2018,s4,b,0.0128
6/6/2018,s4,c,0.0155
6/6/2018,s5,a,0.0198
6/6/2018,s5,b,0.0137
6/6/2018,s5,c,0.0233
6/6/2018,s6,a,0.0181
6/6/2018,s6,b,0.0233
6/6/2018,s6,c,0.025
6/6/2018,s7,a,0.0303
6/6/2018,s7,b,0.0303
6/6/2018,s7,c,0.032
6/6/2018,s8,a,0.032
6/6/2018,s8,b,0.0259
6/6/2018,s8,c,0.0242
6/6/2018,s9,a,0.0285
6/6/2018,s9,b,0.0579
6/6/2018,s9,c,0.0399
6/6/2018,s10,a,0.0399
6/6/2018,s10,b,0.0355
6/6/2018,s10,c,0.0407
6/6/2018,s11,a,0.0399
6/6/2018,s11,b,0.0399
6/6/2018,s11,c,0.0346
6/6/2018,s12,a,0.0277
6/6/2018,s12,b,0.025
6/6/2018,s12,c,0.0277
6/6/2018,s13,a,0.0311
6/6/2018,s13,b,0.0224
6/6/2018,s13,c,0.0207
6/20/2018,s1,a,0.0259
6/20/2018,s1,b,0.0233
6/20/2018,s1,c,0.0128
6/20/2018,s2,a,0.0146
6/20/2018,s2,b,0.0146
6/20/2018,s2,c,0.0189
6/20/2018,s3,a,0.0181
6/20/2018,s3,b,0.0137
6/20/2018,s3,c,0.0207
6/20/2018,s4,a,0.0198
6/20/2018,s4,b,0.0181
6/20/2018,s4,c,0.0242
6/20/2018,s5,a,0.0207
6/20/2018,s5,b,0.0207
6/20/2018,s5,c,0.0268
6/20/2018,s6,a,0.0224
6/20/2018,s6,b,0.0216
6/20/2018,s6,c,0.0338
6/20/2018,s7,a,0.0329
6/20/2018,s7,b,0.065
6/20/2018,s7,c,0.0381
6/20/2018,s8,a,0.0372
6/20/2018,s8,b,0.0399
6/20/2018,s8,c,0.0329
6/20/2018,s9,a,0.0346
6/20/2018,s9,b,0.0355
6/20/2018,s9,c,0.1105
6/20/2018,s10,a,0.0311
6/20/2018,s10,b,0.0294
6/20/2018,s10,c,0.0294
6/20/2018,s11,a,0.0372
6/20/2018,s11,b,0.0294
6/20/2018,s11,c,0.025
6/20/2018,s12,a,0.032
6/20/2018,s12,b,0.0346
6/20/2018,s12,c,0.0268
6/20/2018,s13,a,0.0294
6/20/2018,s13,b,0.032
6/20/2018,s13,c,0.0346
7/3/2018,s1,a,0.0311
7/3/2018,s1,b,0.0294
7/3/2018,s1,c,0.0364
7/3/2018,s2,a,0.0128
7/3/2018,s2,b,0.012
7/3/2018,s2,c,0.0128
7/3/2018,s3,a,0.0294
7/3/2018,s3,b,0.0303
7/3/2018,s3,c,0.0355
7/3/2018,s4,a,0.0277
7/3/2018,s4,b,0.0277
7/3/2018,s4,c,0.0311
7/3/2018,s5,a,0.0338
7/3/2018,s5,b,0.0311
7/3/2018,s5,c,0.0303
7/3/2018,s6,a,0.0614
7/3/2018,s6,b,0.0355
7/3/2018,s6,c,0.0364
7/3/2018,s7,a,0.0673
7/3/2018,s7,b,0.0685
7/3/2018,s7,c,0.0697
7/3/2018,s8,a,0.0685
7/3/2018,s8,b,0.0638
7/3/2018,s8,c,0.0626
7/3/2018,s9,a,0.0346
7/3/2018,s9,b,0.0407
7/3/2018,s9,c,0.039
7/3/2018,s10,a,0.0579
7/3/2018,s10,b,0.0416
7/3/2018,s10,c,0.0399
7/3/2018,s11,a,0.0407
7/3/2018,s11,b,0.0579
7/3/2018,s11,c,0.0399
7/3/2018,s12,a,0.0346
7/3/2018,s12,b,0.0346
7/3/2018,s12,c,0.0372
7/3/2018,s13,a,0.0233
7/3/2018,s13,b,0.0294
7/3/2018,s13,c,0.0277
7/18/2018,s1,a,0.022
7/18/2018,s1,b,0.031
7/18/2018,s1,c,0.028
7/18/2018,s2,a,0.023
7/18/2018,s2,b,0.026
7/18/2018,s2,c,0.025
7/18/2018,s3,a,0.017
7/18/2018,s3,b,0.019
7/18/2018,s3,c,0.018
7/18/2018,s4,a,0.012
7/18/2018,s4,b,0.012
7/18/2018,s4,c,0.013
7/18/2018,s5,a,0.054
7/18/2018,s5,b,0.024
7/18/2018,s5,c,0.026
7/18/2018,s6,a,0.053
7/18/2018,s6,b,0.054
7/18/2018,s6,c,0.054
7/18/2018,s7,a,0.029
7/18/2018,s7,b,0.031
7/18/2018,s7,c,0.031
7/18/2018,s8,a,0.019
7/18/2018,s8,b,0.018
7/18/2018,s8,c,0.013
7/18/2018,s9,a,0.008
7/18/2018,s9,b,0.008
7/18/2018,s9,c,0.008
7/18/2018,s10,a,0.01
7/18/2018,s10,b,0.011
7/18/2018,s10,c,0.01
7/18/2018,s11,a,0.007
7/18/2018,s11,b,0.007
7/18/2018,s11,c,0.007
7/18/2018,s12,a,0.009
7/18/2018,s12,b,0.009
7/18/2018,s12,c,0.009
7/18/2018,s13,a,0.005
7/18/2018,s13,b,0.006
7/18/2018,s13,c,0.006
8/2/2018,s1,a,0.034
8/2/2018,s1,b,0.032
8/2/2018,s1,c,0.034
8/2/2018,s2,a,0.02
8/2/2018,s2,b,0.02
8/2/2018,s2,c,0.02
8/2/2018,s3,a,0.012
8/2/2018,s3,b,0.012
8/2/2018,s3,c,0.011
8/2/2018,s4,a,0.011
8/2/2018,s4,b,0.01
8/2/2018,s4,c,0.01
8/2/2018,s5,a,0.029
8/2/2018,s5,b,0.029
8/2/2018,s5,c,0.03
8/2/2018,s6,a,0.055
8/2/2018,s6,b,0.059
8/2/2018,s6,c,0.056
8/2/2018,s7,a,0.029
8/2/2018,s7,b,0.03
8/2/2018,s7,c,0.025
8/2/2018,s8,a,0.01
8/2/2018,s8,b,0.012
8/2/2018,s8,c,0.011
8/2/2018,s9,a,0.007
8/2/2018,s9,b,0.007
8/2/2018,s9,c,0.007
8/2/2018,s10,a,0.007
8/2/2018,s10,b,0.007
8/2/2018,s10,c,0.007
8/2/2018,s11,a,0.008
8/2/2018,s11,b,0.008
8/2/2018,s11,c,0.008
8/2/2018,s12,a,0.012
8/2/2018,s12,b,0.013
8/2/2018,s12,c,0.014
8/2/2018,s13,a,0.008
8/2/2018,s13,b,0.007
8/2/2018,s13,c,0.008
8/16/2018,s1,a,0.034
8/16/2018,s1,b,0.034
8/16/2018,s1,c,0.034
8/16/2018,s2,a,0.024
8/16/2018,s2,b,0.023
8/16/2018,s2,c,0.02
8/16/2018,s3,a,0.015
8/16/2018,s3,b,0.016
8/16/2018,s3,c,0.015
8/16/2018,s4,a,0.024
8/16/2018,s4,b,0.023
8/16/2018,s4,c,0.026
8/16/2018,s5,a,0.035
8/16/2018,s5,b,0.035
8/16/2018,s5,c,0.036
8/16/2018,s6,a,0.05
8/16/2018,s6,b,0.047
8/16/2018,s6,c,0.042
8/16/2018,s7,a,0.012
8/16/2018,s7,b,0.013
8/16/2018,s7,c,0.014
8/16/2018,s8,a,0.007
8/16/2018,s8,b,0.007
8/16/2018,s8,c,0.007
8/16/2018,s9,a,0.006
8/16/2018,s9,b,0.006
8/16/2018,s9,c,0.006
8/16/2018,s10,a,0.007
8/16/2018,s10,b,0.006
8/16/2018,s10,c,0.006
8/16/2018,s11,a,0.007
8/16/2018,s11,b,0.007
8/16/2018,s11,c,0.007
8/16/2018,s12,a,0.017
8/16/2018,s12,b,0.017
8/16/2018,s12,c,0.016
8/16/2018,s13,a,0.009
8/16/2018,s13,b,0.007
8/16/2018,s13,c,0.008
8/31/2018,s1,a,0.038
8/31/2018,s1,b,0.036
8/31/2018,s1,c,0.03
8/31/2018,s2,a,0.024
8/31/2018,s2,b,0.025
8/31/2018,s2,c,0.028
8/31/2018,s3,a,0.052
8/31/2018,s3,b,0.049
8/31/2018,s3,c,0.047
8/31/2018,s4,a,0.041
8/31/2018,s4,b,0.032
8/31/2018,s4,c,0.043
8/31/2018,s5,a,0.053
8/31/2018,s5,b,0.052
8/31/2018,s5,c,0.047
8/31/2018,s6,a,0.077
8/31/2018,s6,b,0.106
8/31/2018,s6,c,0.111
8/31/2018,s7,a,0.11
8/31/2018,s7,b,0.055
8/31/2018,s7,c,0.103
8/31/2018,s8,a,0.071
8/31/2018,s8,b,0.07
8/31/2018,s8,c,0.071
8/31/2018,s9,a,0.01
8/31/2018,s9,b,0.009
8/31/2018,s9,c,0.011
8/31/2018,s10,a,0.008
8/31/2018,s10,b,0.008
8/31/2018,s10,c,0.007
8/31/2018,s11,a,0.007
8/31/2018,s11,b,0.007
8/31/2018,s11,c,0.007
8/31/2018,s12,a,0.012
8/31/2018,s12,b,0.014
8/31/2018,s12,c,0.012
8/31/2018,s13,a,0.007
8/31/2018,s13,b,0.006
8/31/2018,s13,c,0.011
9/14/2018,s1,a,0.047
9/14/2018,s1,b,0.049
9/14/2018,s1,c,0.046
9/14/2018,s2,a,0.031
9/14/2018,s2,b,0.031
9/14/2018,s2,c,0.032
9/14/2018,s3,a,0.073
9/14/2018,s3,b,0.08
9/14/2018,s3,c,0.077
9/14/2018,s4,a,0.027
9/14/2018,s4,b,0.028
9/14/2018,s4,c,0.026
9/14/2018,s5,a,0.062
9/14/2018,s5,b,0.046
9/14/2018,s5,c,0.057
9/14/2018,s6,a,0.132
9/14/2018,s6,b,0.148
9/14/2018,s6,c,0.143
9/14/2018,s7,a,0.135
9/14/2018,s7,b,0.147
9/14/2018,s7,c,0.147
9/14/2018,s8,a,0.137
9/14/2018,s8,b,0.114
9/14/2018,s8,c,0.113
9/14/2018,s9,a,0.005
9/14/2018,s9,b,0.005
9/14/2018,s9,c,0.004
9/14/2018,s10,a,0.002
9/14/2018,s10,b,0.002
9/14/2018,s10,c,0.004
9/14/2018,s11,a,0.003
9/14/2018,s11,b,0.004
9/14/2018,s11,c,0.003
9/14/2018,s12,a,0.004
9/14/2018,s12,b,0.004
9/14/2018,s12,c,0.004
9/14/2018,s13,a,0.002
9/14/2018,s13,b,0.002
9/14/2018,s13,c,0.002
9/27/2018,s1,a,0.061
9/27/2018,s1,b,0.069
9/27/2018,s1,c,0.063
9/27/2018,s2,a,0.034
9/27/2018,s2,b,0.035
9/27/2018,s2,c,0.032
9/27/2018,s3,a,0.109
9/27/2018,s3,b,0.098
9/27/2018,s3,c,0.094
9/27/2018,s4,a,0.04
9/27/2018,s4,b,0.04
9/27/2018,s4,c,0.04
9/27/2018,s5,a,0.057
9/27/2018,s5,b,0.058
9/27/2018,s5,c,0.066
9/27/2018,s6,a,0.161
9/27/2018,s6,b,0.167
9/27/2018,s6,c,0.176
9/27/2018,s7,a,0.152
9/27/2018,s7,b,0.161
9/27/2018,s7,c,0.137
9/27/2018,s8,a,0.112
9/27/2018,s8,b,0.109
9/27/2018,s8,c,0.116
9/27/2018,s9,a,0.005
9/27/2018,s9,b,0.004
9/27/2018,s9,c,0.005
9/27/2018,s10,a,0.005
9/27/2018,s10,b,0.005
9/27/2018,s10,c,0.005
9/27/2018,s11,a,0.005
9/27/2018,s11,b,0.004
9/27/2018,s11,c,0.004
9/27/2018,s12,a,0.007
9/27/2018,s12,b,0.007
9/27/2018,s12,c,0.008
9/27/2018,s13,a,0.004
9/27/2018,s13,b,0.003
9/27/2018,s13,c,0.003
10/11/2018,s1,a,0.032
10/11/2018,s1,b,0.032
10/11/2018,s1,c,0.032
10/11/2018,s2,a,0.026
10/11/2018,s2,b,0.024
10/11/2018,s2,c,0.024
10/11/2018,s3,a,0.071
10/11/2018,s3,b,0.066
10/11/2018,s3,c,0.078
10/11/2018,s4,a,0.051
10/11/2018,s4,b,0.051
10/11/2018,s4,c,0.058
10/11/2018,s5,a,0.074
10/11/2018,s5,b,0.077
10/11/2018,s5,c,0.074
10/11/2018,s6,a,0.127
10/11/2018,s6,b,0.116
10/11/2018,s6,c,0.108
10/11/2018,s7,a,0.148
10/11/2018,s7,b,0.124
10/11/2018,s7,c,0.143
10/11/2018,s8,a,0.137
10/11/2018,s8,b,0.123
10/11/2018,s8,c,0.117
10/11/2018,s9,a,0.053
10/11/2018,s9,b,0.055
10/11/2018,s9,c,0.055
10/11/2018,s10,a,0.018
10/11/2018,s10,b,0.016
10/11/2018,s10,c,0.012
10/11/2018,s11,a,0.013
10/11/2018,s11,b,0.007
10/11/2018,s11,c,0.012
10/11/2018,s12,a,0.015
10/11/2018,s12,b,0.013
10/11/2018,s12,c,0.015
10/11/2018,s13,a,0.005
10/11/2018,s13,b,0.005
10/11/2018,s13,c,0.005
11/2/2018,s1,a,0.026
11/2/2018,s1,b,0.023
11/2/2018,s1,c,0.024
11/2/2018,s2,a,0.007
11/2/2018,s2,b,0.004
11/2/2018,s2,c,0.005
11/2/2018,s3,a,0.058
11/2/2018,s3,b,0.054
11/2/2018,s3,c,0.058
11/2/2018,s4,a,0.05
11/2/2018,s4,b,0.05
11/2/2018,s4,c,0.053
11/2/2018,s5,a,0.07
11/2/2018,s5,b,0.065
11/2/2018,s5,c,0.066
11/2/2018,s6,a,0.135
11/2/2018,s6,b,0.127
11/2/2018,s6,c,0.129
11/2/2018,s7,a,0.121
11/2/2018,s7,b,0.114
11/2/2018,s7,c,0.131
11/2/2018,s8,a,0.12
11/2/2018,s8,b,0.124
11/2/2018,s8,c,0.114
11/2/2018,s9,a,0.049
11/2/2018,s9,b,0.046
11/2/2018,s9,c,0.051
11/2/2018,s10,a,0.058
11/2/2018,s10,b,0.057
11/2/2018,s10,c,0.059
11/2/2018,s11,a,0.057
11/2/2018,s11,b,0.057
11/2/2018,s11,c,0.057
11/2/2018,s12,a,0.049
11/2/2018,s12,b,0.047
11/2/2018,s12,c,0.047
11/2/2018,s13,a,0.027
11/2/2018,s13,b,0.027
11/2/2018,s13,c,0.027
12/7/2018,s1,a,0.097
12/7/2018,s1,b,0.104
12/7/2018,s1,c,0.073
12/7/2018,s2,a,0.086
12/7/2018,s2,b,0.078
12/7/2018,s2,c,0.079
12/7/2018,s3,a,0.276
12/7/2018,s3,b,0.234
12/7/2018,s3,c,0.237
12/7/2018,s4,a,0.291
12/7/2018,s4,b,0.249
12/7/2018,s4,c,0.263
12/7/2018,s5,a,0.303
12/7/2018,s5,b,0.244
12/7/2018,s5,c,0.234
12/7/2018,s6,a,0.334
12/7/2018,s6,b,0.309
12/7/2018,s6,c,0.341
12/7/2018,s7,a,0.397
12/7/2018,s7,b,0.367
12/7/2018,s7,c,0.332
12/7/2018,s8,a,0.346
12/7/2018,s8,b,0.376
12/7/2018,s8,c,0.348
12/7/2018,s9,a,0.253
12/7/2018,s9,b,0.216
12/7/2018,s9,c,0.231
12/7/2018,s10,a,0.147
12/7/2018,s10,b,0.148
12/7/2018,s10,c,0.135
12/7/2018,s11,a,0.122
12/7/2018,s11,b,0.141
12/7/2018,s11,c,0.113
12/7/2018,s12,a,0.085
12/7/2018,s12,b,0.081
12/7/2018,s12,c,0.105
12/7/2018,s13,a,0.051
12/7/2018,s13,b,0.045
12/7/2018,s13,c,0.047
1/10/2019,s1,a,0.095
1/10/2019,s1,b,0.115
1/10/2019,s1,c,0.078
1/10/2019,s2,a,0.078
1/10/2019,s2,b,0.102
1/10/2019,s2,c,0.093
1/10/2019,s3,a,0.213
1/10/2019,s3,b,0.227
1/10/2019,s3,c,0.212
1/10/2019,s4,a,0.29
1/10/2019,s4,b,0.269
1/10/2019,s4,c,0.247
1/10/2019,s5,a,0.318
1/10/2019,s5,b,0.288
1/10/2019,s5,c,0.314
1/10/2019,s6,a,0.369
1/10/2019,s6,b,0.455
1/10/2019,s6,c,0.365
1/10/2019,s7,a,0.407
1/10/2019,s7,b,0.376
1/10/2019,s7,c,0.37
1/10/2019,s8,a,0.387
1/10/2019,s8,b,0.357
1/10/2019,s8,c,0.416
1/10/2019,s9,a,0.301
1/10/2019,s9,b,0.307
1/10/2019,s9,c,0.302
1/10/2019,s10,a,0.229
1/10/2019,s10,b,0.232
1/10/2019,s10,c,0.242
1/10/2019,s11,a,0.182
1/10/2019,s11,b,0.199
1/10/2019,s11,c,0.173
1/10/2019,s12,a,0.123
1/10/2019,s12,b,0.143
1/10/2019,s12,c,0.146
1/10/2019,s13,a,0.056
1/10/2019,s13,b,0.055
1/10/2019,s13,c,0.054
2/20/2019,s1,a,0.261
2/20/2019,s1,b,0.203
2/20/2019,s1,c,0.222
2/20/2019,s2,a,0.216
2/20/2019,s2,b,0.175
2/20/2019,s2,c,0.206
2/20/2019,s3,a,0.366
2/20/2019,s3,b,0.341
2/20/2019,s3,c,0.34
2/20/2019,s4,a,0.366
2/20/2019,s4,b,0.34
2/20/2019,s4,c,0.339
2/20/2019,s5,a,0.362
2/20/2019,s5,b,0.378
2/20/2019,s5,c,0.358
2/20/2019,s6,a,0.422
2/20/2019,s6,b,0.375
2/20/2019,s6,c,0.423
2/20/2019,s10,a,0.281
2/20/2019,s10,b,0.258
2/20/2019,s10,c,0.249
2/20/2019,s11,a,0.246
2/20/2019,s11,b,0.292
2/20/2019,s11,c,0.258
2/20/2019,s12,a,0.177
2/20/2019,s12,b,0.193
2/20/2019,s12,c,0.204
3/12/2019,s1,a,0.264
3/12/2019,s1,b,0.311
3/12/2019,s1,c,0.282
3/12/2019,s2,a,0.281
3/12/2019,s2,b,0.263
3/12/2019,s2,c,0.265
3/12/2019,s3,a,0.262
3/12/2019,s3,b,0.311
3/12/2019,s3,c,0.362
3/12/2019,s6,a,0.465
3/12/2019,s6,b,0.455
3/12/2019,s6,c,0.481
3/12/2019,s10,a,0.323
3/12/2019,s10,b,0.272
3/12/2019,s10,c,0.29
3/12/2019,s11,a,0.243
3/12/2019,s11,b,0.218
3/12/2019,s11,c,0.24
3/12/2019,s12,a,0.199
3/12/2019,s12,b,0.185
3/12/2019,s12,c,0.18
4/18/2019,s1,a,0.174
4/18/2019,s1,b,0.188
4/18/2019,s1,c,0.191
4/18/2019,s2,a,0.207
4/18/2019,s2,b,0.219
4/18/2019,s2,c,0.216
4/18/2019,s3,a,0.247
4/18/2019,s3,b,0.263
4/18/2019,s3,c,0.229
4/18/2019,s4,a,0.242
4/18/2019,s4,b,0.245
4/18/2019,s4,c,0.246
4/18/2019,s5,a,0.238
4/18/2019,s5,b,0.257
4/18/2019,s5,c,0.248
4/18/2019,s6,a,0.31
4/18/2019,s6,b,0.314
4/18/2019,s6,c,0.266
4/18/2019,s7,a,0.285
4/18/2019,s7,b,0.275
4/18/2019,s7,c,0.266
4/18/2019,s8,a,0.34
4/18/2019,s8,b,0.277
4/18/2019,s8,c,0.279
4/18/2019,s9,a,0.183
4/18/2019,s9,b,0.205
4/18/2019,s9,c,0.164
4/18/2019,s10,a,0.192
4/18/2019,s10,b,0.208
4/18/2019,s10,c,0.168
4/18/2019,s11,a,0.207
4/18/2019,s11,b,0.186
4/18/2019,s11,c,0.208
4/18/2019,s12,a,0.162
4/18/2019,s12,b,0.164
4/18/2019,s12,c,0.163
4/18/2019,s13,a,0.117
4/18/2019,s13,b,0.112
4/18/2019,s13,c,0.113
5/16/2019,s1,a,0.046
5/16/2019,s1,b,0.05
5/16/2019,s1,c,0.055
5/16/2019,s2,a,0.057
5/16/2019,s2,b,0.064
5/16/2019,s2,c,0.063
5/16/2019,s3,a,0.071
5/16/2019,s3,b,0.072
5/16/2019,s3,c,0.073
5/16/2019,s4,a,0.081
5/16/2019,s4,b,0.096
5/16/2019,s4,c,0.102
5/16/2019,s5,a,0.095
5/16/2019,s5,b,0.107
5/16/2019,s5,c,0.101
5/16/2019,s6,a,0.122
5/16/2019,s6,b,0.115
5/16/2019,s6,c,0.132
5/16/2019,s7,a,0.15
5/16/2019,s7,b,0.117
5/16/2019,s7,c,0.115
5/16/2019,s8,a,0.113
5/16/2019,s8,b,0.14
5/16/2019,s8,c,0.114
5/16/2019,s9,a,0.092
5/16/2019,s9,b,0.092
5/16/2019,s9,c,0.093
5/16/2019,s10,a,0.065
5/16/2019,s10,b,0.077
5/16/2019,s10,c,0.067
5/16/2019,s11,a,0.076
5/16/2019,s11,b,0.064
5/16/2019,s11,c,0.06
5/16/2019,s12,a,0.06
5/16/2019,s12,b,0.067
5/16/2019,s12,c,0.061
5/16/2019,s13,a,0.064
5/16/2019,s13,b,0.085
5/16/2019,s13,c,0.069
5/30/2019,s1,a,0.049
5/30/2019,s1,b,0.05
5/30/2019,s1,c,0.052
5/30/2019,s2,a,0.053
5/30/2019,s2,b,0.044
5/30/2019,s2,c,0.045
5/30/2019,s3,a,0.055
5/30/2019,s3,b,0.045
5/30/2019,s3,c,0.056
5/30/2019,s4,a,0.06
5/30/2019,s4,b,0.054
5/30/2019,s4,c,0.059
5/30/2019,s5,a,0.043
5/30/2019,s5,b,0.053
5/30/2019,s5,c,0.051
5/30/2019,s6,a,0.083
5/30/2019,s6,b,0.073
5/30/2019,s6,c,0.08
5/30/2019,s7,a,0.089
5/30/2019,s7,b,0.082
5/30/2019,s7,c,0.097
5/30/2019,s8,a,0.078
5/30/2019,s8,b,0.083
5/30/2019,s8,c,0.096
5/30/2019,s9,a,0.052
5/30/2019,s9,b,0.05
5/30/2019,s9,c,0.041
5/30/2019,s10,a,0.055
5/30/2019,s10,b,0.053
5/30/2019,s10,c,0.043
5/30/2019,s11,a,0.054
5/30/2019,s11,b,0.054
5/30/2019,s11,c,0.053
5/30/2019,s12,a,0.046
5/30/2019,s12,b,0.042
5/30/2019,s12,c,0.04
5/30/2019,s13,a,0.041
5/30/2019,s13,b,0.041
5/30/2019,s13,c,0.042
